Workbook
Name Expansion_SplineGrid_BF: ExpPar1!$D$7
Name Expansion_SplineGrid_BF: ExpPar2!$D$7
Name Expansion_SplineGrid_BF: ExpPar3!$D$7
Name Expansion_SplineGrid_BF: ExpPar4!$D$7
Name Expansion_SplineGrid_BF: ExpSpl1!$D$7
Name Expansion_SplineGrid_BF: ExpSpl2!$D$7
Name Expansion_SplineGrid_BF: ExpSpl3!$D$7
Name Expansion_SplineGrid_BF: ExpSpl4!$D$7
Name Expansion_SplineGrid_BF: ExpSpl5!$D$7
Name Expansion_SplineGrid_BF: ExpSpl!$D$7
Name Expansion_SplineGrid_EdgeLength: ExpPar1!$D$3
Name Expansion_SplineGrid_EdgeLength: ExpPar2!$D$3
Name Expansion_SplineGrid_EdgeLength: ExpPar3!$D$3
Name Expansion_SplineGrid_EdgeLength: ExpPar4!$D$3
Name Expansion_SplineGrid_EdgeLength: ExpSpl1!$D$3
Name Expansion_SplineGrid_EdgeLength: ExpSpl2!$D$3
Name Expansion_SplineGrid_EdgeLength: ExpSpl3!$D$3
Name Expansion_SplineGrid_EdgeLength: ExpSpl4!$D$3
Name Expansion_SplineGrid_EdgeLength: ExpSpl5!$D$3
Name Expansion_SplineGrid_EdgeLength: ExpSpl!$D$3
Name Expansion_SplineGrid_NDiv: ExpPar1!$D$5
Name Expansion_SplineGrid_NDiv: ExpPar2!$D$5
Name Expansion_SplineGrid_NDiv: ExpPar3!$D$5
Name Expansion_SplineGrid_NDiv: ExpPar4!$D$5
Name Expansion_SplineGrid_NDiv: ExpSpl1!$D$5
Name Expansion_SplineGrid_NDiv: ExpSpl2!$D$5
Name Expansion_SplineGrid_NDiv: ExpSpl3!$D$5
Name Expansion_SplineGrid_NDiv: ExpSpl4!$D$5
Name Expansion_SplineGrid_NDiv: ExpSpl5!$D$5
Name Expansion_SplineGrid_NDiv: ExpSpl!$D$5
Name Expansion_YGrid_BF: ExpY!$D$7
Name Expansion_YGrid_EdgeLength: ExpY!$D$3
Name Expansion_YGrid_NDiv: ExpY!$D$5
Name IO_XGrid_BF: IOX!$D$7
Name IO_XGrid_EdgeLength: IOX!$D$3
Name IO_XGrid_NDiv: IOX!$D$5
Name IO_ZGrid_BF: IOZ!$D$7
Name IO_ZGrid_EdgeLength: IOZ!$D$3
Name IO_ZGrid_NDiv: IOZ!$D$5
Name Rect_Exp_Boundary_ElementSize: ExpY!$D$21
Name Rect_Exp_Boundary_ElementSize2: ExpPar1!$D$21
Name Rect_Exp_Boundary_ElementSize2: ExpPar2!$D$21
Name Rect_Exp_Boundary_ElementSize2: ExpPar3!$D$21
Name Rect_Exp_Boundary_ElementSize2: ExpPar4!$D$21
Name Rect_Exp_Boundary_ElementSize2: ExpSpl1!$D$21
Name Rect_Exp_Boundary_ElementSize2: ExpSpl2!$D$21
Name Rect_Exp_Boundary_ElementSize2: ExpSpl3!$D$21
Name Rect_Exp_Boundary_ElementSize2: ExpSpl4!$D$21
Name Rect_Exp_Boundary_ElementSize2: ExpSpl5!$D$21
Name Rect_Exp_Boundary_ElementSize2: ExpSpl!$D$21
Name Rectangle_XGrid_BF: RectX!$D$7
Name Rectangle_XGrid_EdgeLength: RectX!$D$3
Name Rectangle_XGrid_NDiv: RectX!$D$5
Name Rectangle_YGrid_BF: RectY!$D$7
Name Rectangle_YGrid_EdgeLength: RectY!$D$3
Name Rectangle_YGrid_NDiv: RectY!$D$5
Name Rectangle_ZGrid_BF: RectZ!$D$7
Name Rectangle_ZGrid_EdgeLength: RectZ!$D$3
Name Rectangle_ZGrid_NDiv: RectZ!$D$5
Name Round_Exp_Boundary_ElementSize: IOX!$D$21

Sheet Creo Input
C1: MEASUREMENT PARAMETER NAMES | D1: PASTE PARAMETER VALUES HERE | E1: XML TEXT CONVERTED TO NUMBER IN METERS
C2: EXP_ZSPLINE_CURVELENGTH_ANS | D2: 18.886881256233 | E2: =VALUE(D2)*10^-3 -> 0.018886881
C3: EXP_XSPLINE_CURVELENGTH_ANS | D3: 10.0009374586321 | E3: =VALUE(D3)*10^-3 -> 0.010000937
C4: EXP_PARTITION_1_LENGTH_ANS | D4: 3.65836546517581 | E4: =VALUE(D4)*10^-3 -> 0.0036583655
C5: EXP_PARTITION_2_LENGTH_ANS | D5: 7.92287535438769 | E5: =VALUE(D5)*10^-3 -> 0.0079228754
C6: EXP_PARTITION_3_LENGTH_ANS | D6: 5.0639867455939 | E6: =VALUE(D6)*10^-3 -> 0.0050639867
C7: EXP_PARTITION_4_LENGTH_ANS | D7: 3.87706825262 | E7: =VALUE(D7)*10^-3 -> 0.0038770683
C8: EXP_SPLINE_SECTION_1_LENGTH_ANS | D8: 5.90213285520249 | E8: =VALUE(D8)*10^-3 -> 0.0059021329
C9: EXP_SPLINE_SECTION_2_LENGTH_ANS | D9: 3.5412476529089 | E9: =VALUE(D9)*10^-3 -> 0.0035412477
C10: EXP_SPLINE_SECTION_3_LENGTH_ANS | D10: 3.54128573761515 | E10: =VALUE(D10)*10^-3 -> 0.0035412857
C11: EXP_SPLINE_SECTION_4_LENGTH_ANS | D11: 3.54135729934196 | E11: =VALUE(D11)*10^-3 -> 0.0035413573
C12: EXP_SPLINE_SECTION_5_LENGTH_ANS | D12: 2.36085842081168 | E12: =VALUE(D12)*10^-3 -> 0.0023608584
C13: ROUND_PARTITION_1_HEIGHT_ANS | D13: 0.3708022572272 | E13: =VALUE(D13)*10^-3 -> 0.00037080226
... C16: ROUND_PARTITION_4_HEIGHT_ANS | D16: 0.22327899852197 | E16: =VALUE(D16)*10^-3 -> 0.000223279
C17: SUMMED SPLINE SECTIONS | E17: Values
C18: Sections 1+2 | E18: =SUM(E8:E9) -> 0.0094433805
C19: Sections 1+2+3 | E19: =SUM(E8:E10) -> 0.012984666
C20: Sections 1+2+3+4 | E20: =SUM(E8:E11) -> 0.016526024

Sheet WB Output
A1: Mesh Control Name | B1: N | C1: B
A2: =RectX!A1 -> RectX | B2: {=INDIRECT("'"&$A2&"'"&"!"&"$D$14")} -> 80 | C2: {=INDIRECT("'"&$A2&"'"&"!"&"$D$12")} -> 121.78576
A3: =RectY!A1 -> RectY | B3: {=INDIRECT("'"&$A3&"'"&"!"&"$D$14")} -> 135 | C3: {=INDIRECT("'"&$A3&"'"&"!"&"$D$12")} -> 5
A4: =IOX!A1 -> IOX | B4: {=INDIRECT("'"&$A4&"'"&"!"&"$D$14")} -> 80 | C4: {=INDIRECT("'"&$A4&"'"&"!"&"$D$12")} -> 1.9084489
A5: =ExpSpl!A1 -> ExpSpl | B5: {=INDIRECT("'"&$A5&"'"&"!"&"$D$14")} -> 80 | C5: {=INDIRECT("'"&$A5&"'"&"!"&"$D$12")} -> 1
A6: =ExpY!A1 -> ExpY | B6: {=INDIRECT("'"&$A6&"'"&"!"&"$D$14")} -> 80 | C6: {=INDIRECT("'"&$A6&"'"&"!"&"$D$12")} -> 1
A7: =ExpSpl1!A1 -> ExpSpl1 | B7: {=INDIRECT("'"&$A7&"'"&"!"&"$D$14")} -> 30 | C7: {=INDIRECT("'"&$A7&"'"&"!"&"$D$12")} -> 1
A8: =ExpSpl2!A1 -> ExpSpl2 | B8: {=INDIRECT("'"&$A8&"'"&"!"&"$D$14")} -> 18 | C8: {=INDIRECT("'"&$A8&"'"&"!"&"$D$12")} -> 1
A9: =ExpSpl3!A1 -> ExpSpl3 | B9: {=INDIRECT("'"&$A9&"'"&"!"&"$D$14")} -> 18 | C9: {=INDIRECT("'"&$A9&"'"&"!"&"$D$12")} -> 1
A10: =ExpSpl4!A1 -> ExpSpl4 | B10: {=INDIRECT("'"&$A10&"'"&"!"&"$D$14")} -> 18 | C10: {=INDIRECT("'"&$A10&"'"&"!"&"$D$12")} -> 1
A11: =ExpSpl5!A1 -> ExpSpl5 | B11: {=INDIRECT("'"&$A11&"'"&"!"&"$D$14")} -> 12 | C11: {=INDIRECT("'"&$A11&"'"&"!"&"$D$12")} -> 1
A12: =ExpPar1!A1 -> ExpPar1 | B12: {=INDIRECT("'"&$A12&"'"&"!"&"$D$14")} -> 80 | C12: {=INDIRECT("'"&$A12&"'"&"!"&"$D$12")} -> 4.1555313
A13: =ExpPar2!A1 -> ExpPar2 | B13: {=INDIRECT("'"&$A13&"'"&"!"&"$D$14")} -> 80 | C13: {=INDIRECT("'"&$A13&"'"&"!"&"$D$12")} -> 17.627358
A14: =ExpPar3!A1 -> ExpPar3 | B14: {=INDIRECT("'"&$A14&"'"&"!"&"$D$14")} -> 80 | C14: {=INDIRECT("'"&$A14&"'"&"!"&"$D$12")} -> 11.863118
A15: =ExpPar4!A1 -> ExpPar4 | B15: {=INDIRECT("'"&$A15&"'"&"!"&"$D$14")} -> 80 | C15: {=INDIRECT("'"&$A15&"'"&"!"&"$D$12")} -> 9.918351

Sheet RectX
A1: {=MID(CELL("filename",A1),FIND("]",CELL("filename",A1))+1,31)} -> RectX | B1: RECTANGLE X-GRID
B2: Edge Sizing Inputs | C2: Symbol | D2: Value | E2: Units | G2: Bisection Calculation | J2: True N | M2: Utility Validation Procedure
B3: Edge Length | C3: L | D3: 0.017075 | E3: [m] | G3: Parity for Number of Divisions | H3: =IF(ISEVEN(D14),"EVEN","ODD") -> EVEN | J3: =IF(D8=G30, D14, H4) -> 80 | M3: ANSYS Edge Sizing Inputs
B4: Size Definition Type | D4: Number of Divisions | G4: Bisected Side Divisions | H4: =IF(H3="EVEN", D14/2, (D14+1)/2) -> 40 | M4: One-Sided Target Length | N4: 0.001 | O4: Edge Length | P4: 0.02
B5: Size Definition Value | C5: =IF(D4=G22,"𝓁_target", "N") -> N | D5: 80 | E5: =IF(D4=G22, " [m]", " [ ]") -> [ ] | M5: EVEN Target Length | N5: 0.001 | O5: Growth Rate | P5: 1.2
B6: Bias Definition Type | D6: Bias Factor | G6: Bias Calculation Lookup | M6: ODD Target Length | N6: 0.0011
B7: Bias Definition Value | C7: =IF(D6=G26, "B", "r") -> B | D7: 121.78576 | E7: [ ] | G7: One-Sided Bias | M7: ANSYS Mesh Results
B8: Bias Type | D8: One-Sided | G8: Smallest Element Length | H8: One-Sided | I8: =D3*(1-D11)/(1-D11^D14) -> 8.3333333e-06 | J8: [m] | N8: Smallest | O8: Largest | S8: Edge Lengths | T8: Ratio | U8: Target Element Size
G9: Largest Element Length | H9: One-Sided | I9: =I8*D11^(D14-1) -> 0.0010148813 | J9: [m] | M9: Central Min EVEN | N9: 0.00038523 | O9: 0.0019877 | R9: Exterior | S9: 0.022415 | U9: 0.0001
B10: Equivalent Calculated Parameters | G10: ODD Central Bias | M10: Central Max EVEN | N10: 0.00038523 | O10: 0.0019877 | R10: Interior | S10: 0.022507 | T10: 1.0041044 | U10: 0.00010041044
B11: Bias Growth Rate | C11: r | D11: =IF(D6=G27, D7, D7^(1/(J3-1))) -> 1.0626738 | E11: [ ] | G11: ODD Smallest Element Length | H11: Central Min | I11: =IF(H3="ODD", D3*(1-D11)/(1+D11-2*D11^H4), "") | J11: [m] | M11: Central Min ODD | N11: 0.00039279 | O11: 0.0020267
B12: Bias Factor | C12: B | D12: =IF(D6=G26, D7, D7^(J3-1)) -> 121.78576 | E12: [ ] | G12: ODD Largest Element Length | H12: Central Min | I12: =IF($H$3="ODD", I11*$D$11^($H$4-1), "") | J12: [m] | M12: Central Max ODD | N12: 0.00042774 | O12: 0.002207 | R12: Top | S12: 0.016 | T12: 0.9999375 | U12: 0.00010299356
B13: Target Element Length | C13: 𝓁_target | D13: =IF(D4=G22, D5, D3/D5) -> 0.0002134375 | E13: [m] | G13: ODD Smallest Element Length | H13: Central Max | I13: =IF($H$3="ODD", D3*(1-D11)/(2-D11^H4-D11^(H4-1)), "") | J13: [m] | M13: One-Sided | N13: 0.00010713 | O13: 0.0034226 | R13: Bottom | S13: 0.016001 | U13: 0.000103
B14: Number of Divisions | C14: N | D14: =IF(D4=G23, D5, _xlfn.CEILING.MATH(D3/D5)) -> 80 | E14: [ ] | G14: ODD Largest Element Length | H14: Central Max | I14: =IF($H$3="ODD", I13*$D$11^($H$4-1), "") | J14: [m]
G15: EVEN Central Bias
B16: Element Size Calculation | G16: EVEN Smallest Element Length | H16: Central Min | I16: =IF($H$3="EVEN", D3*(1-D11)/(2*(1-D11^H4)), "") -> 5.156761e-05 | J16: [m]
B17: Smallest Element Length | C17: 𝓁_1 | D17: {=_xlfn.XLOOKUP($D$8, IF($H$3="EVEN", CHOOSE({1,2,3},H8,H16,H18), CHOOSE({1,2,3},H8,H11,H13)), IF($H$3="EVEN", CHOOSE({1,2,3},I8,I16,I18), CHOOSE({1,2,3},I8,I11,I13)))} -> 8.3333333e-06 | E17: [m] | G17: EVEN Largest Element Length | H17: Central Min | I17: =IF($H$3="EVEN", I16*$D$11^($H$4-1), "") -> 0.00055204601 | J17: [m]
B18: Largest Element Length | C18: 𝓁_N | D18: {=_xlfn.XLOOKUP($D$8, IF($H$3="EVEN", CHOOSE({1,2,3},H9,H17,H19), CHOOSE({1,2,3},H9,H12,H14)), IF($H$3="EVEN", CHOOSE({1,2,3},I9,I17,I19), CHOOSE({1,2,3},I9,I12,I14)))} -> 0.0010148813 | E18: [m] | G18: EVEN Smallest Element Length | H18: Central Max | I18: =IF($H$3="EVEN", D3*(1-D11)/(2*(1-D11^H4)), "") -> 5.156761e-05 | J18: [m]
G19: EVEN Largest Element Length | H19: Central Max | I19: =IF($H$3="EVEN", I18*$D$11^($H$4-1), "") -> 0.00055204601 | J19: [m]
B20: Iterative Solution
B21: Round-Rect Boundary Element Size | C21: 𝓁_round | D21: 8.3333333e-06 | E21: [m] | G21: Input Type
B22: Element Length Difference | C22: 𝓁_N | D22: =ABS(D21-D17) -> 1.6552125e-15 | E22: [m] | G22: Target Element Length
G23: Number of Divisions
G25: Bias Definition Type
G26: Bias Factor
G27: Smooth Transition (GR)
B28: NB: Growth Rate (r) is the element-to-element relative growth rate, while the Bias Factor (B) is the total growth ratio (max element size:min element size).
G29: Bias Types
G30: One-Sided
G31: Central Min
G32: Central Max

Sheet RectY
A1: {=MID(CELL("filename",A1),FIND("]",CELL("filename",A1))+1,31)} -> RectY | B1: RECTANGLE Y-GRID
B2: Edge Sizing Inputs | C2: Symbol | D2: Value | E2: Units | G2: Bisection Calculation | J2: True N
B3: Edge Length | C3: L | D3: 0.06715 | E3: [m] | G3: Parity for Number of Divisions | H3: =IF(ISEVEN(D14),"EVEN","ODD") -> ODD | J3: =IF(D8=G30, D14, H4) -> 68
B4: Size Definition Type | D4: Number of Divisions | G4: Bisected Side Divisions | H4: =IF(H3="EVEN", D14/2, (D14+1)/2) -> 68
B5: Size Definition Value | C5: =IF(D4=G22,"𝓁_target", "N") -> N | D5: 135 | E5: =IF(D4=G22, " [m]", " [ ]") -> [ ]
B6: Bias Definition Type | D6: Bias Factor | G6: Bias Calculation Lookup
B7: Bias Definition Value | C7: =IF(D6=G26, "B", "r") -> B | D7: 5 | E7: [ ] | G7: One-Sided Bias
B8: Bias Type | D8: Central Max | G8: Smallest Element Length | H8: One-Sided | I8: =D3*(1-D11)/(1-D11^D14) -> 6.6343619e-05 | J8: [m]
G9: Largest Element Length | H9: One-Sided | I9: =I8*D11^(D14-1) -> 0.0016585905 | J9: [m]
B10: Equivalent Calculated Parameters | G10: ODD Central Bias
B11: Bias Growth Rate | C11: r | D11: =IF(D6=G27, D7, D7^(1/(J3-1))) -> 1.0243123 | E11: [ ] | G11: ODD Smallest Element Length | H11: Central Min | I11: =IF(H3="ODD", D3*(1-D11)/(1+D11-2*D11^H4), "") -> 0.00019863835 | J11: [m]
B12: Bias Factor | C12: B | D12: =IF(D6=G26, D7, D7^(J3-1)) -> 5 | E12: [ ] | G12: ODD Largest Element Length | H12: Central Min | I12: =IF($H$3="ODD", I11*$D$11^($H$4-1), "") -> 0.00099319175 | J12: [m]
B13: Target Element Length | C13: 𝓁_target | D13: =IF(D4=G22, D5, D3/D5) -> 0.00049740741 | E13: [m] | G13: ODD Smallest Element Length | H13: Central Max | I13: =IF($H$3="ODD", D3*(1-D11)/(2-D11^H4-D11^(H4-1)), "") -> 0.00020101689 | J13: [m]
B14: Number of Divisions | C14: N | D14: =IF(D4=G23, D5, _xlfn.CEILING.MATH(D3/D5)) -> 135 | E14: [ ] | G14: ODD Largest Element Length | H14: Central Max | I14: =IF($H$3="ODD", I13*$D$11^($H$4-1), "") -> 0.0010050844 | J14: [m]
G15: EVEN Central Bias
B16: Element Size Calculation | G16: EVEN Smallest Element Length | H16: Central Min | I16: =IF($H$3="EVEN", D3*(1-D11)/(2*(1-D11^H4)), "") | J16: [m]
B17: Smallest Element Length | C17: 𝓁_1 | D17: {=_xlfn.XLOOKUP($D$8, IF($H$3="EVEN", CHOOSE({1,2,3},H8,H16,H18), CHOOSE({1,2,3},H8,H11,H13)), IF($H$3="EVEN", CHOOSE({1,2,3},I8,I16,I18), CHOOSE({1,2,3},I8,I11,I13)))} -> 0.00020101689 | E17: [m] | G17: EVEN Largest Element Length | H17: Central Min | I17: =IF($H$3="EVEN", I16*$D$11^($H$4-1), "") | J17: [m]
B18: Largest Element Length | C18: 𝓁_N | D18: {=_xlfn.XLOOKUP($D$8, IF($H$3="EVEN", CHOOSE({1,2,3},H9,H17,H19), CHOOSE({1,2,3},H9,H12,H14)), IF($H$3="EVEN", CHOOSE({1,2,3},I9,I17,I19), CHOOSE({1,2,3},I9,I12,I14)))} -> 0.0010050844 | E18: [m] | G18: EVEN Smallest Element Length | H18: Central Max | I18: =IF($H$3="EVEN", D3*(1-D11)/(2*(1-D11^H4)), "") | J18: [m]
G19: EVEN Largest Element Length | H19: Central Max | I19: =IF($H$3="EVEN", I18*$D$11^($H$4-1), "") | J19: [m]
G21: Input Type
G22: Target Element Length
G23: Number of Divisions
G25: Bias Definition Type
G26: Bias Factor
G27: Smooth Transition (GR)
G29: Bias Types
G30: One-Sided
G31: Central Min
G32: Central Max

Sheet RectZ
B1: RECTANGLE Z-GRID
B2: Edge Sizing Inputs | C2: Symbol | D2: Value | E2: Units | G2: Bisection Calculation
B3: Edge Length | C3: L | D3: 0.00015 | E3: [m] | G3: Parity for Number of Divisions | H3: =IF(ISEVEN(D14),"EVEN","ODD") -> EVEN
B4: Size Definition Type | D4: Number of Divisions | G4: Bisected Side Divisions | H4: =IF(H3="EVEN", D14/2, (D14+1)/2) -> 9
B5: Size Definition Value | C5: =IF(D4=G22,"𝓁_target", "N") -> N | D5: 18 | E5: =IF(D4=G22, " [m]", " [ ]") -> [ ]
B6: Bias Definition Type | D6: Bias Factor | G6: Bias Calculation Lookup
B7: Bias Definition Value | C7: =IF(D6=G26, "B", "r") -> B | D7: 1 | E7: [ ] | G7: One-Sided Bias
B8: Bias Type | D8: Central Max | G8: Smallest Element Length | H8: One-Sided | I8: =D3*(1-D11)/(1-D11^D14) -> #DIV/0! | J8: [m]
G9: Largest Element Length | H9: One-Sided | I9: =I8*D11^(D14-1) -> #DIV/0! | J9: [m]
B10: Equivalent Calculated Parameters | G10: ODD Central Bias
B11: Bias Growth Rate | C11: r | D11: =IF(D6=G27, D7, D7^(1/(D14-1))) -> 1 | E11: [ ] | G11: ODD Smallest Element Length | H11: Central Min | I11: =IF(H3="ODD", D3*(1-D11)/(1+D11-2*D11^H4), "") | J11: [m]
B12: Bias Factor | C12: B | D12: =IF(D6=G26, D7, D7^(D14-1)) -> 1 | E12: [ ] | G12: ODD Largest Element Length | H12: Central Min | I12: =IF($H$3="ODD", I11*$D$11^($H$4-1), "") | J12: [m]
B13: Target Element Length | C13: 𝓁_target | D13: =IF(D4=G22, D5, D3/D5) -> 8.3333333e-06 | E13: [m] | G13: ODD Smallest Element Length | H13: Central Max | I13: =IF($H$3="ODD", D3*(1-D11)/(2-D11^H4-D11^(H4-1)), "") | J13: [m]
B14: Number of Divisions | C14: N | D14: =IF(D4=G23, D5, _xlfn.CEILING.MATH(D3/D5)) -> 18 | E14: [ ] | G14: ODD Largest Element Length | H14: Central Max | I14: =IF($H$3="ODD", I13*$D$11^($H$4-1), "") | J14: [m]
G15: EVEN Central Bias
B16: Element Size Calculation | G16: EVEN Smallest Element Length | H16: Central Min | I16: =IF($H$3="EVEN", D3*(1-D11)/(2*(1-D11^H4)), "") -> #DIV/0! | J16: [m]
B17: Smallest Element Length | C17: 𝓁_1 | D17: {=_xlfn.XLOOKUP($D$8, IF($H$3="EVEN", CHOOSE({1,2,3},H8,H16,H18), CHOOSE({1,2,3},H8,H11,H13)), IF($H$3="EVEN", CHOOSE({1,2,3},I8,I16,I18), CHOOSE({1,2,3},I8,I11,I13)))} -> #DIV/0! | E17: [m] | G17: EVEN Largest Element Length | H17: Central Min | I17: =IF($H$3="EVEN", I16*$D$11^($H$4-1), "") -> #DIV/0! | J17: [m]
B18: Largest Element Length | C18: 𝓁_N | D18: {=_xlfn.XLOOKUP($D$8, IF($H$3="EVEN", CHOOSE({1,2,3},H9,H17,H19), CHOOSE({1,2,3},H9,H12,H14)), IF($H$3="EVEN", CHOOSE({1,2,3},I9,I17,I19), CHOOSE({1,2,3},I9,I12,I14)))} -> #DIV/0! | E18: [m] | G18: EVEN Smallest Element Length | H18: Central Max | I18: =IF($H$3="EVEN", D3*(1-D11)/(2*(1-D11^H4)), "") -> #DIV/0! | J18: [m]
G19: EVEN Largest Element Length | H19: Central Max | I19: =IF($H$3="EVEN", I18*$D$11^($H$4-1), "") -> #DIV/0! | J19: [m]
G21: Input Type
G22: Target Element Length
G23: Number of Divisions
G25: Bias Definition Type
G26: Bias Factor
G27: Smooth Transition (GR)
G29: Bias Types
G30: One-Sided
G31: Central Min
G32: Central Max

Sheet IOX
A1: {=MID(CELL("filename",A1),FIND("]",CELL("filename",A1))+1,31)} -> IOX | B1: INLET/OUTLET X-GRID
B2: Edge Sizing Inputs | C2: Symbol | D2: Value | E2: Units | G2: Bisection Calculation | J2: True N
B3: Edge Length | C3: L | D3: 0.0025 | E3: [m] | G3: Parity for Number of Divisions | H3: =IF(ISEVEN(D14),"EVEN","ODD") -> EVEN | J3: =IF(D8=G30, D14, H4) -> 80
B4: Size Definition Type | D4: Number of Divisions | G4: Bisected Side Divisions | H4: =IF(H3="EVEN", D14/2, (D14+1)/2) -> 40
B5: Size Definition Value | C5: =IF(D4=G22,"𝓁_target", "N") -> N | D5: =RectX!D14 -> 80 | E5: =IF(D4=G22, " [m]", " [ ]") -> [ ]
B6: Bias Definition Type | D6: Bias Factor | G6: Bias Calculation Lookup
B7: Bias Definition Value | C7: =IF(D6=G26, "B", "r") -> B | D7: 1.9084489 | E7: [ ] | G7: One-Sided Bias
B8: Bias Type | D8: One-Sided | G8: Smallest Element Length | H8: One-Sided | I8: =D3*(1-D11)/(1-D11^D14) -> 2.2222223e-05 | J8: [m]
G9: Largest Element Length | H9: One-Sided | I9: =I8*D11^(D14-1) -> 4.2409977e-05 | J9: [m]
B10: Equivalent Calculated Parameters | G10: ODD Central Bias
B11: Bias Growth Rate | C11: r | D11: =IF(D6=G27, D7, D7^(1/(J3-1))) -> 1.0082145 | E11: [ ] | G11: ODD Smallest Element Length | H11: Central Min | I11: =IF(H3="ODD", D3*(1-D11)/(1+D11-2*D11^H4), "") | J11: [m]
B12: Bias Factor | C12: B | D12: =IF(D6=G26, D7, D7^(J3-1)) -> 1.9084489 | E12: [ ] | G12: ODD Largest Element Length | H12: Central Min | I12: =IF($H$3="ODD", I11*$D$11^($H$4-1), "") | J12: [m]
B13: Target Element Length | C13: 𝓁_target | D13: =IF(D4=G22, D5, D3/D5) -> 3.125e-05 | E13: [m] | G13: ODD Smallest Element Length | H13: Central Max | I13: =IF($H$3="ODD", D3*(1-D11)/(2-D11^H4-D11^(H4-1)), "") | J13: [m]
B14: Number of Divisions | C14: N | D14: =IF(D4=G23, D5, _xlfn.CEILING.MATH(D3/D5)) -> 80 | E14: [ ] | G14: ODD Largest Element Length | H14: Central Max | I14: =IF($H$3="ODD", I13*$D$11^($H$4-1), "") | J14: [m]
G15: EVEN Central Bias
B16: Element Size Calculation | G16: EVEN Smallest Element Length | H16: Central Min | I16: =IF($H$3="EVEN", D3*(1-D11)/(2*(1-D11^H4)), "") -> 2.6523652e-05 | J16: [m]
B17: Smallest Element Length | C17: 𝓁_1 | D17: {=_xlfn.XLOOKUP($D$8, IF($H$3="EVEN", CHOOSE({1,2,3},H8,H16,H18), CHOOSE({1,2,3},H8,H11,H13)), IF($H$3="EVEN", CHOOSE({1,2,3},I8,I16,I18), CHOOSE({1,2,3},I8,I11,I13)))} -> 2.2222223e-05 | E17: [m] | G17: EVEN Largest Element Length | H17: Central Min | I17: =IF($H$3="EVEN", I16*$D$11^($H$4-1), "") -> 3.6491955e-05 | J17: [m]
B18: Largest Element Length | C18: 𝓁_N | D18: {=_xlfn.XLOOKUP($D$8, IF($H$3="EVEN", CHOOSE({1,2,3},H9,H17,H19), CHOOSE({1,2,3},H9,H12,H14)), IF($H$3="EVEN", CHOOSE({1,2,3},I9,I17,I19), CHOOSE({1,2,3},I9,I12,I14)))} -> 4.2409977e-05 | E18: [m] | G18: EVEN Smallest Element Length | H18: Central Max | I18: =IF($H$3="EVEN", D3*(1-D11)/(2*(1-D11^H4)), "") -> 2.6523652e-05 | J18: [m]
G19: EVEN Largest Element Length | H19: Central Max | I19: =IF($H$3="EVEN", I18*$D$11^($H$4-1), "") -> 3.6491955e-05 | J19: [m]
B20: Iterative Solution
B21: Round-Exp Boundary Element Size | C21: 𝓁_round | D21: 2.2222222e-05 | E21: [m] | G21: Input Type
B22: Element Length Difference | C22: 𝓁_N | D22: =ABS(D21-D17) -> 4.1934476e-13 | E22: [m] | G22: Target Element Length
G23: Number of Divisions
G25: Bias Definition Type
G26: Bias Factor
G27: Smooth Transition (GR)
G29: Bias Types
G30: One-Sided
G31: Central Min
G32: Central Max

Sheet ExpSpl
A1: {=MID(CELL("filename",A1),FIND("]",CELL("filename",A1))+1,31)} -> ExpSpl | B1: EXPANSION SPLINE GRID
B2: Edge Sizing Inputs | C2: Symbol | D2: Value | E2: Units | G2: Bisection Calculation | J2: True N
B3: Edge Length | C3: L | D3: ='Creo Input'!E2 -> 0.018886881 | E3: [m] | G3: Parity for Number of Divisions | H3: =IF(ISEVEN(D14),"EVEN","ODD") -> EVEN | J3: =IF(D8=G30, D14, H4) -> 80
B4: Size Definition Type | D4: Number of Divisions | G4: Bisected Side Divisions | H4: =IF(H3="EVEN", D14/2, (D14+1)/2) -> 40
B5: Size Definition Value | C5: =IF(D4=G22,"𝓁_target", "N") -> N | D5: 80 | E5: =IF(D4=G22, " [m]", " [ ]") -> [ ]
B6: Bias Definition Type | D6: Bias Factor | G6: Bias Calculation Lookup
B7: Bias Definition Value | C7: =IF(D6=G26, "B", "r") -> B | D7: 1 | E7: [ ] | G7: One-Sided Bias
B8: Bias Type | D8: One-Sided | G8: Smallest Element Length | H8: One-Sided | I8: =D3*(1-D11)/(1-D11^D14) -> #DIV/0! | J8: [m]
G9: Largest Element Length | H9: One-Sided | I9: =I8*D11^(D14-1) -> #DIV/0! | J9: [m]
B10: Equivalent Calculated Parameters | G10: ODD Central Bias
B11: Bias Growth Rate | C11: r | D11: =IF(D6=G27, D7, D7^(1/(J3-1))) -> 1 | E11: [ ] | G11: ODD Smallest Element Length | H11: Central Min | I11: =IF(H3="ODD", D3*(1-D11)/(1+D11-2*D11^H4), "") | J11: [m]
B12: Bias Factor | C12: B | D12: =IF(D6=G26, D7, D7^(J3-1)) -> 1 | E12: [ ] | G12: ODD Largest Element Length | H12: Central Min | I12: =IF($H$3="ODD", I11*$D$11^($H$4-1), "") | J12: [m]
B13: Target Element Length | C13: 𝓁_target | D13: =IF(D4=G22, D5, D3/D5) -> 0.00023608602 | E13: [m] | G13: ODD Smallest Element Length | H13: Central Max | I13: =IF($H$3="ODD", D3*(1-D11)/(2-D11^H4-D11^(H4-1)), "") | J13: [m]
B14: Number of Divisions | C14: N | D14: =IF(D4=G23, D5, _xlfn.CEILING.MATH(D3/D5)) -> 80 | E14: [ ] | G14: ODD Largest Element Length | H14: Central Max | I14: =IF($H$3="ODD", I13*$D$11^($H$4-1), "") | J14: [m]
G15: EVEN Central Bias
B16: Element Size Calculation | G16: EVEN Smallest Element Length | H16: Central Min | I16: =IF($H$3="EVEN", D3*(1-D11)/(2*(1-D11^H4)), "") -> #DIV/0! | J16: [m]
B17: Smallest Element Length | C17: 𝓁_1 | D17: {=_xlfn.XLOOKUP($D$8, IF($H$3="EVEN", CHOOSE({1,2,3},H8,H16,H18), CHOOSE({1,2,3},H8,H11,H13)), IF($H$3="EVEN", CHOOSE({1,2,3},I8,I16,I18), CHOOSE({1,2,3},I8,I11,I13)))} -> #DIV/0! | E17: [m] | G17: EVEN Largest Element Length | H17: Central Min | I17: =IF($H$3="EVEN", I16*$D$11^($H$4-1), "") -> #DIV/0! | J17: [m]
B18: Largest Element Length | C18: 𝓁_N | D18: {=_xlfn.XLOOKUP($D$8, IF($H$3="EVEN", CHOOSE({1,2,3},H9,H17,H19), CHOOSE({1,2,3},H9,H12,H14)), IF($H$3="EVEN", CHOOSE({1,2,3},I9,I17,I19), CHOOSE({1,2,3},I9,I12,I14)))} -> #DIV/0! | E18: [m] | G18: EVEN Smallest Element Length | H18: Central Max | I18: =IF($H$3="EVEN", D3*(1-D11)/(2*(1-D11^H4)), "") -> #DIV/0! | J18: [m]
G19: EVEN Largest Element Length | H19: Central Max | I19: =IF($H$3="EVEN", I18*$D$11^($H$4-1), "") -> #DIV/0! | J19: [m]
B20: Iterative Solution
B21: Rect-Exp Boundary Element Size | C21: 𝓁_round | D21: =RectY!D17 -> 0.00020101689 | E21: [m] | G21: Input Type
B22: Element Length Difference | C22: 𝓁_N | D22: =ABS(D21-D18) -> #DIV/0! | E22: [m] | G22: Target Element Length
G23: Number of Divisions
G25: Bias Definition Type
G26: Bias Factor
G27: Smooth Transition (GR)
G29: Bias Types
G30: One-Sided
G31: Central Min
G32: Central Max

Sheet ExpY
A1: {=MID(CELL("filename",A1),FIND("]",CELL("filename",A1))+1,31)} -> ExpY | B1: EXPANSION Y-GRID
B2: Edge Sizing Inputs | C2: Symbol | D2: Value | E2: Units | G2: Bisection Calculation | J2: True N
B3: Edge Length | C3: L | D3: ='Creo Input'!E3 -> 0.010000937 | E3: [m] | G3: Parity for Number of Divisions | H3: =IF(ISEVEN(D14),"EVEN","ODD") -> EVEN | J3: =IF(D8=G30, D14, H4) -> 80
B4: Size Definition Type | D4: Number of Divisions | G4: Bisected Side Divisions | H4: =IF(H3="EVEN", D14/2, (D14+1)/2) -> 40
B5: Size Definition Value | C5: =IF(D4=G22,"𝓁_target", "N") -> N | D5: =ExpSpl!D14 -> 80 | E5: =IF(D4=G22, " [m]", " [ ]") -> [ ]
B6: Bias Definition Type | D6: Bias Factor | G6: Bias Calculation Lookup
B7: Bias Definition Value | C7: =IF(D6=G26, "B", "r") -> B | D7: 1 | E7: [ ] | G7: One-Sided Bias
B8: Bias Type | D8: One-Sided | G8: Smallest Element Length | H8: One-Sided | I8: =D3*(1-D11)/(1-D11^D14) -> #DIV/0! | J8: [m]
G9: Largest Element Length | H9: One-Sided | I9: =I8*D11^(D14-1) -> #DIV/0! | J9: [m]
B10: Equivalent Calculated Parameters | G10: ODD Central Bias
B11: Bias Growth Rate | C11: r | D11: =IF(D6=G27, D7, D7^(1/(J3-1))) -> 1 | E11: [ ] | G11: ODD Smallest Element Length | H11: Central Min | I11: =IF(H3="ODD", D3*(1-D11)/(1+D11-2*D11^H4), "") | J11: [m]
B12: Bias Factor | C12: B | D12: =IF(D6=G26, D7, D7^(J3-1)) -> 1 | E12: [ ] | G12: ODD Largest Element Length | H12: Central Min | I12: =IF($H$3="ODD", I11*$D$11^($H$4-1), "") | J12: [m]
B13: Target Element Length | C13: 𝓁_target | D13: =IF(D4=G22, D5, D3/D5) -> 0.00012501172 | E13: [m] | G13: ODD Smallest Element Length | H13: Central Max | I13: =IF($H$3="ODD", D3*(1-D11)/(2-D11^H4-D11^(H4-1)), "") | J13: [m]
B14: Number of Divisions | C14: N | D14: =IF(D4=G23, D5, _xlfn.CEILING.MATH(D3/D5)) -> 80 | E14: [ ] | G14: ODD Largest Element Length | H14: Central Max | I14: =IF($H$3="ODD", I13*$D$11^($H$4-1), "") | J14: [m]
G15: EVEN Central Bias
B16: Element Size Calculation | G16: EVEN Smallest Element Length | H16: Central Min | I16: =IF($H$3="EVEN", D3*(1-D11)/(2*(1-D11^H4)), "") -> #DIV/0! | J16: [m]
B17: Smallest Element Length | C17: 𝓁_1 | D17: {=_xlfn.XLOOKUP($D$8, IF($H$3="EVEN", CHOOSE({1,2,3},H8,H16,H18), CHOOSE({1,2,3},H8,H11,H13)), IF($H$3="EVEN", CHOOSE({1,2,3},I8,I16,I18), CHOOSE({1,2,3},I8,I11,I13)))} -> #DIV/0! | E17: [m] | G17: EVEN Largest Element Length | H17: Central Min | I17: =IF($H$3="EVEN", I16*$D$11^($H$4-1), "") -> #DIV/0! | J17: [m]
B18: Largest Element Length | C18: 𝓁_N | D18: {=_xlfn.XLOOKUP($D$8, IF($H$3="EVEN", CHOOSE({1,2,3},H9,H17,H19), CHOOSE({1,2,3},H9,H12,H14)), IF($H$3="EVEN", CHOOSE({1,2,3},I9,I17,I19), CHOOSE({1,2,3},I9,I12,I14)))} -> #DIV/0! | E18: [m] | G18: EVEN Smallest Element Length | H18: Central Max | I18: =IF($H$3="EVEN", D3*(1-D11)/(2*(1-D11^H4)), "") -> #DIV/0! | J18: [m]
G19: EVEN Largest Element Length | H19: Central Max | I19: =IF($H$3="EVEN", I18*$D$11^($H$4-1), "") -> #DIV/0! | J19: [m]
B20: Iterative Solution
B21: Rect-Exp Boundary Element Size | C21: 𝓁_round | D21: =RectY!D17 -> 0.00020101689 | E21: [m] | G21: Input Type
B22: Element Length Difference | C22: 𝓁_N | D22: =ABS(D21-D18) -> #DIV/0! | E22: [m] | G22: Target Element Length
G23: Number of Divisions
G25: Bias Definition Type
G26: Bias Factor
G27: Smooth Transition (GR)
G29: Bias Types
G30: One-Sided
G31: Central Min
G32: Central Max

Sheet IOZ
B1: INLET/OUTLET Z-GRID
B2: Edge Sizing Inputs | C2: Symbol | D2: Value | E2: Units | G2: Bisection Calculation
B3: Edge Length | C3: L | D3: 0.0004 | E3: [m] | G3: Parity for Number of Divisions | H3: =IF(ISEVEN(D14),"EVEN","ODD") -> EVEN
B4: Size Definition Type | D4: Number of Divisions | G4: Bisected Side Divisions | H4: =IF(H3="EVEN", D14/2, (D14+1)/2) -> 9
B5: Size Definition Value | C5: =IF(D4=G22,"𝓁_target", "N") -> N | D5: 18 | E5: =IF(D4=G22, " [m]", " [ ]") -> [ ]
B6: Bias Definition Type | D6: Bias Factor | G6: Bias Calculation Lookup
B7: Bias Definition Value | C7: =IF(D6=G26, "B", "r") -> B | D7: 1 | E7: [ ] | G7: One-Sided Bias
B8: Bias Type | D8: Central Max | G8: Smallest Element Length | H8: One-Sided | I8: =D3*(1-D11)/(1-D11^D14) -> #DIV/0! | J8: [m]
G9: Largest Element Length | H9: One-Sided | I9: =I8*D11^(D14-1) -> #DIV/0! | J9: [m]
B10: Equivalent Calculated Parameters | G10: ODD Central Bias
B11: Bias Growth Rate | C11: r | D11: =IF(D6=G27, D7, D7^(1/(D14-1))) -> 1 | E11: [ ] | G11: ODD Smallest Element Length | H11: Central Min | I11: =IF(H3="ODD", D3*(1-D11)/(1+D11-2*D11^H4), "") | J11: [m]
B12: Bias Factor | C12: B | D12: =IF(D6=G26, D7, D7^(D14-1)) -> 1 | E12: [ ] | G12: ODD Largest Element Length | H12: Central Min | I12: =IF($H$3="ODD", I11*$D$11^($H$4-1), "") | J12: [m]
B13: Target Element Length | C13: 𝓁_target | D13: =IF(D4=G22, D5, D3/D5) -> 2.2222222e-05 | E13: [m] | G13: ODD Smallest Element Length | H13: Central Max | I13: =IF($H$3="ODD", D3*(1-D11)/(2-D11^H4-D11^(H4-1)), "") | J13: [m]
B14: Number of Divisions | C14: N | D14: =IF(D4=G23, D5, _xlfn.CEILING.MATH(D3/D5)) -> 18 | E14: [ ] | G14: ODD Largest Element Length | H14: Central Max | I14: =IF($H$3="ODD", I13*$D$11^($H$4-1), "") | J14: [m]
G15: EVEN Central Bias
G16: EVEN Smallest Element Length | H16: Central Min | I16: =IF($H$3="EVEN", D3*(1-D11)/(2*(1-D11^H4)), "") -> #DIV/0! | J16: [m]
G17: EVEN Largest Element Length | H17: Central Min | I17: =IF($H$3="EVEN", I16*$D$11^($H$4-1), "") -> #DIV/0! | J17: [m]
G18: EVEN Smallest Element Length | H18: Central Max | I18: =IF($H$3="EVEN", D3*(1-D11)/(2*(1-D11^H4)), "") -> #DIV/0! | J18: [m]
G19: EVEN Largest Element Length | H19: Central Max | I19: =IF($H$3="EVEN", I18*$D$11^($H$4-1), "") -> #DIV/0! | J19: [m]
G21: Input Type
G22: Target Element Length
G23: Number of Divisions
G25: Bias Definition Type
G26: Bias Factor
G27: Smooth Transition (GR)
G29: Bias Types
G30: One-Sided
G31: Central Min
G32: Central Max

Sheet ExpSpl1
A1: {=MID(CELL("filename",A1),FIND("]",CELL("filename",A1))+1,31)} -> ExpSpl1 | B1: EXPANSION SPLINE SECTION 1
B2: Edge Sizing Inputs | C2: Symbol | D2: Value | E2: Units | G2: Bisection Calculation | J2: True N
B3: Edge Length | C3: L | D3: ='Creo Input'!E8 -> 0.0059021329 | E3: [m] | G3: Parity for Number of Divisions | H3: =IF(ISEVEN(D14),"EVEN","ODD") -> EVEN | J3: =IF(D8=G30, D14, H4) -> 30
B4: Size Definition Type | D4: Target Element Length | G4: Bisected Side Divisions | H4: =IF(H3="EVEN", D14/2, (D14+1)/2) -> 15
B5: Size Definition Value | C5: =IF(D4=G22,"𝓁_target", "N") -> 𝓁_target | D5: =RectY!D17 -> 0.00020101689 | E5: =IF(D4=G22, " [m]", " [ ]") -> [m]
B6: Bias Definition Type | D6: Bias Factor | G6: Bias Calculation Lookup
B7: Bias Definition Value | C7: =IF(D6=G26, "B", "r") -> B | D7: 1 | E7: [ ] | G7: One-Sided Bias
B8: Bias Type | D8: One-Sided | G8: Smallest Element Length | H8: One-Sided | I8: =D3*(1-D11)/(1-D11^D14) -> #DIV/0! | J8: [m]
G9: Largest Element Length | H9: One-Sided | I9: =I8*D11^(D14-1) -> #DIV/0! | J9: [m]
B10: Equivalent Calculated Parameters | G10: ODD Central Bias
B11: Bias Growth Rate | C11: r | D11: =IF(D6=G27, D7, D7^(1/(J3-1))) -> 1 | E11: [ ] | G11: ODD Smallest Element Length | H11: Central Min | I11: =IF(H3="ODD", D3*(1-D11)/(1+D11-2*D11^H4), "") | J11: [m]
B12: Bias Factor | C12: B | D12: =IF(D6=G26, D7, D7^(J3-1)) -> 1 | E12: [ ] | G12: ODD Largest Element Length | H12: Central Min | I12: =IF($H$3="ODD", I11*$D$11^($H$4-1), "") | J12: [m]
B13: Target Element Length | C13: 𝓁_target | D13: =IF(D4=G22, D5, D3/D5) -> 0.00020101689 | E13: [m] | G13: ODD Smallest Element Length | H13: Central Max | I13: =IF($H$3="ODD", D3*(1-D11)/(2-D11^H4-D11^(H4-1)), "") | J13: [m]
B14: Number of Divisions | C14: N | D14: =IF(D4=G23, D5, _xlfn.CEILING.MATH(D3/D5)) -> 30 | E14: [ ] | G14: ODD Largest Element Length | H14: Central Max | I14: =IF($H$3="ODD", I13*$D$11^($H$4-1), "") | J14: [m]
G15: EVEN Central Bias
B16: Element Size Calculation | G16: EVEN Smallest Element Length | H16: Central Min | I16: =IF($H$3="EVEN", D3*(1-D11)/(2*(1-D11^H4)), "") -> #DIV/0! | J16: [m]
B17: Smallest Element Length | C17: 𝓁_1 | D17: {=_xlfn.XLOOKUP($D$8, IF($H$3="EVEN", CHOOSE({1,2,3},H8,H16,H18), CHOOSE({1,2,3},H8,H11,H13)), IF($H$3="EVEN", CHOOSE({1,2,3},I8,I16,I18), CHOOSE({1,2,3},I8,I11,I13)))} -> #DIV/0! | E17: [m] | G17: EVEN Largest Element Length | H17: Central Min | I17: =IF($H$3="EVEN", I16*$D$11^($H$4-1), "") -> #DIV/0! | J17: [m]
B18: Largest Element Length | C18: 𝓁_N | D18: {=_xlfn.XLOOKUP($D$8, IF($H$3="EVEN", CHOOSE({1,2,3},H9,H17,H19), CHOOSE({1,2,3},H9,H12,H14)), IF($H$3="EVEN", CHOOSE({1,2,3},I9,I17,I19), CHOOSE({1,2,3},I9,I12,I14)))} -> #DIV/0! | E18: [m] | G18: EVEN Smallest Element Length | H18: Central Max | I18: =IF($H$3="EVEN", D3*(1-D11)/(2*(1-D11^H4)), "") -> #DIV/0! | J18: [m]
G19: EVEN Largest Element Length | H19: Central Max | I19: =IF($H$3="EVEN", I18*$D$11^($H$4-1), "") -> #DIV/0! | J19: [m]
G21: Input Type
G22: Target Element Length
G23: Number of Divisions
G25: Bias Definition Type
G26: Bias Factor
G27: Smooth Transition (GR)
G29: Bias Types
G30: One-Sided
G31: Central Min
G32: Central Max

Sheet ExpSpl2
A1: {=MID(CELL("filename",A1),FIND("]",CELL("filename",A1))+1,31)} -> ExpSpl2 | B1: EXPANSION SPLINE SECTION 2
B2: Edge Sizing Inputs | C2: Symbol | D2: Value | E2: Units | G2: Bisection Calculation | J2: True N
B3: Edge Length | C3: L | D3: ='Creo Input'!E9 -> 0.0035412477 | E3: [m] | G3: Parity for Number of Divisions | H3: =IF(ISEVEN(D14),"EVEN","ODD") -> EVEN | J3: =IF(D8=G30, D14, H4) -> 18
B4: Size Definition Type | D4: Target Element Length | G4: Bisected Side Divisions | H4: =IF(H3="EVEN", D14/2, (D14+1)/2) -> 9
B5: Size Definition Value | C5: =IF(D4=G22,"𝓁_target", "N") -> 𝓁_target | D5: =RectY!D17 -> 0.00020101689 | E5: =IF(D4=G22, " [m]", " [ ]") -> [m]
B6: Bias Definition Type | D6: Bias Factor | G6: Bias Calculation Lookup
B7: Bias Definition Value | C7: =IF(D6=G26, "B", "r") -> B | D7: 1 | E7: [ ] | G7: One-Sided Bias
B8: Bias Type | D8: One-Sided | G8: Smallest Element Length | H8: One-Sided | I8: =D3*(1-D11)/(1-D11^D14) -> #DIV/0! | J8: [m]
G9: Largest Element Length | H9: One-Sided | I9: =I8*D11^(D14-1) -> #DIV/0! | J9: [m]
B10: Equivalent Calculated Parameters | G10: ODD Central Bias
B11: Bias Growth Rate | C11: r | D11: =IF(D6=G27, D7, D7^(1/(J3-1))) -> 1 | E11: [ ] | G11: ODD Smallest Element Length | H11: Central Min | I11: =IF(H3="ODD", D3*(1-D11)/(1+D11-2*D11^H4), "") | J11: [m]
B12: Bias Factor | C12: B | D12: =IF(D6=G26, D7, D7^(J3-1)) -> 1 | E12: [ ] | G12: ODD Largest Element Length | H12: Central Min | I12: =IF($H$3="ODD", I11*$D$11^($H$4-1), "") | J12: [m]
B13: Target Element Length | C13: 𝓁_target | D13: =IF(D4=G22, D5, D3/D5) -> 0.00020101689 | E13: [m] | G13: ODD Smallest Element Length | H13: Central Max | I13: =IF($H$3="ODD", D3*(1-D11)/(2-D11^H4-D11^(H4-1)), "") | J13: [m]
B14: Number of Divisions | C14: N | D14: =IF(D4=G23, D5, _xlfn.CEILING.MATH(D3/D5)) -> 18 | E14: [ ] | G14: ODD Largest Element Length | H14: Central Max | I14: =IF($H$3="ODD", I13*$D$11^($H$4-1), "") | J14: [m]
G15: EVEN Central Bias
B16: Element Size Calculation | G16: EVEN Smallest Element Length | H16: Central Min | I16: =IF($H$3="EVEN", D3*(1-D11)/(2*(1-D11^H4)), "") -> #DIV/0! | J16: [m]
B17: Smallest Element Length | C17: 𝓁_1 | D17: {=_xlfn.XLOOKUP($D$8, IF($H$3="EVEN", CHOOSE({1,2,3},H8,H16,H18), CHOOSE({1,2,3},H8,H11,H13)), IF($H$3="EVEN", CHOOSE({1,2,3},I8,I16,I18), CHOOSE({1,2,3},I8,I11,I13)))} -> #DIV/0! | E17: [m] | G17: EVEN Largest Element Length | H17: Central Min | I17: =IF($H$3="EVEN", I16*$D$11^($H$4-1), "") -> #DIV/0! | J17: [m]
B18: Largest Element Length | C18: 𝓁_N | D18: {=_xlfn.XLOOKUP($D$8, IF($H$3="EVEN", CHOOSE({1,2,3},H9,H17,H19), CHOOSE({1,2,3},H9,H12,H14)), IF($H$3="EVEN", CHOOSE({1,2,3},I9,I17,I19), CHOOSE({1,2,3},I9,I12,I14)))} -> #DIV/0! | E18: [m] | G18: EVEN Smallest Element Length | H18: Central Max | I18: =IF($H$3="EVEN", D3*(1-D11)/(2*(1-D11^H4)), "") -> #DIV/0! | J18: [m]
G19: EVEN Largest Element Length | H19: Central Max | I19: =IF($H$3="EVEN", I18*$D$11^($H$4-1), "") -> #DIV/0! | J19: [m]
G21: Input Type
G22: Target Element Length
G23: Number of Divisions
G25: Bias Definition Type
G26: Bias Factor
G27: Smooth Transition (GR)
G29: Bias Types
G30: One-Sided
G31: Central Min
G32: Central Max

Sheet ExpSpl3
A1: {=MID(CELL("filename",A1),FIND("]",CELL("filename",A1))+1,31)} -> ExpSpl3 | B1: EXPANSION SPLINE SECTION 3
B2: Edge Sizing Inputs | C2: Symbol | D2: Value | E2: Units | G2: Bisection Calculation | J2: True N
B3: Edge Length | C3: L | D3: ='Creo Input'!E10 -> 0.0035412857 | E3: [m] | G3: Parity for Number of Divisions | H3: =IF(ISEVEN(D14),"EVEN","ODD") -> EVEN | J3: =IF(D8=G30, D14, H4) -> 18
B4: Size Definition Type | D4: Target Element Length | G4: Bisected Side Divisions | H4: =IF(H3="EVEN", D14/2, (D14+1)/2) -> 9
B5: Size Definition Value | C5: =IF(D4=G22,"𝓁_target", "N") -> 𝓁_target | D5: =RectY!D17 -> 0.00020101689 | E5: =IF(D4=G22, " [m]", " [ ]") -> [m]
B6: Bias Definition Type | D6: Bias Factor | G6: Bias Calculation Lookup
B7: Bias Definition Value | C7: =IF(D6=G26, "B", "r") -> B | D7: 1 | E7: [ ] | G7: One-Sided Bias
B8: Bias Type | D8: One-Sided | G8: Smallest Element Length | H8: One-Sided | I8: =D3*(1-D11)/(1-D11^D14) -> #DIV/0! | J8: [m]
G9: Largest Element Length | H9: One-Sided | I9: =I8*D11^(D14-1) -> #DIV/0! | J9: [m]
B10: Equivalent Calculated Parameters | G10: ODD Central Bias
B11: Bias Growth Rate | C11: r | D11: =IF(D6=G27, D7, D7^(1/(J3-1))) -> 1 | E11: [ ] | G11: ODD Smallest Element Length | H11: Central Min | I11: =IF(H3="ODD", D3*(1-D11)/(1+D11-2*D11^H4), "") | J11: [m]
B12: Bias Factor | C12: B | D12: =IF(D6=G26, D7, D7^(J3-1)) -> 1 | E12: [ ] | G12: ODD Largest Element Length | H12: Central Min | I12: =IF($H$3="ODD", I11*$D$11^($H$4-1), "") | J12: [m]
B13: Target Element Length | C13: 𝓁_target | D13: =IF(D4=G22, D5, D3/D5) -> 0.00020101689 | E13: [m] | G13: ODD Smallest Element Length | H13: Central Max | I13: =IF($H$3="ODD", D3*(1-D11)/(2-D11^H4-D11^(H4-1)), "") | J13: [m]
B14: Number of Divisions | C14: N | D14: =IF(D4=G23, D5, _xlfn.CEILING.MATH(D3/D5)) -> 18 | E14: [ ] | G14: ODD Largest Element Length | H14: Central Max | I14: =IF($H$3="ODD", I13*$D$11^($H$4-1), "") | J14: [m]
G15: EVEN Central Bias
B16: Element Size Calculation | G16: EVEN Smallest Element Length | H16: Central Min | I16: =IF($H$3="EVEN", D3*(1-D11)/(2*(1-D11^H4)), "") -> #DIV/0! | J16: [m]
B17: Smallest Element Length | C17: 𝓁_1 | D17: {=_xlfn.XLOOKUP($D$8, IF($H$3="EVEN", CHOOSE({1,2,3},H8,H16,H18), CHOOSE({1,2,3},H8,H11,H13)), IF($H$3="EVEN", CHOOSE({1,2,3},I8,I16,I18), CHOOSE({1,2,3},I8,I11,I13)))} -> #DIV/0! | E17: [m] | G17: EVEN Largest Element Length | H17: Central Min | I17: =IF($H$3="EVEN", I16*$D$11^($H$4-1), "") -> #DIV/0! | J17: [m]
B18: Largest Element Length | C18: 𝓁_N | D18: {=_xlfn.XLOOKUP($D$8, IF($H$3="EVEN", CHOOSE({1,2,3},H9,H17,H19), CHOOSE({1,2,3},H9,H12,H14)), IF($H$3="EVEN", CHOOSE({1,2,3},I9,I17,I19), CHOOSE({1,2,3},I9,I12,I14)))} -> #DIV/0! | E18: [m] | G18: EVEN Smallest Element Length | H18: Central Max | I18: =IF($H$3="EVEN", D3*(1-D11)/(2*(1-D11^H4)), "") -> #DIV/0! | J18: [m]
G19: EVEN Largest Element Length | H19: Central Max | I19: =IF($H$3="EVEN", I18*$D$11^($H$4-1), "") -> #DIV/0! | J19: [m]
G21: Input Type
G22: Target Element Length
G23: Number of Divisions
G25: Bias Definition Type
G26: Bias Factor
G27: Smooth Transition (GR)
G29: Bias Types
G30: One-Sided
G31: Central Min
G32: Central Max

Sheet ExpSpl4
A1: {=MID(CELL("filename",A1),FIND("]",CELL("filename",A1))+1,31)} -> ExpSpl4 | B1: EXPANSION SPLINE SECTION 4
B2: Edge Sizing Inputs | C2: Symbol | D2: Value | E2: Units | G2: Bisection Calculation | J2: True N
B3: Edge Length | C3: L | D3: ='Creo Input'!E11 -> 0.0035413573 | E3: [m] | G3: Parity for Number of Divisions | H3: =IF(ISEVEN(D14),"EVEN","ODD") -> EVEN | J3: =IF(D8=G30, D14, H4) -> 18
B4: Size Definition Type | D4: Target Element Length | G4: Bisected Side Divisions | H4: =IF(H3="EVEN", D14/2, (D14+1)/2) -> 9
B5: Size Definition Value | C5: =IF(D4=G22,"𝓁_target", "N") -> 𝓁_target | D5: =RectY!D17 -> 0.00020101689 | E5: =IF(D4=G22, " [m]", " [ ]") -> [m]
B6: Bias Definition Type | D6: Bias Factor | G6: Bias Calculation Lookup
B7: Bias Definition Value | C7: =IF(D6=G26, "B", "r") -> B | D7: 1 | E7: [ ] | G7: One-Sided Bias
B8: Bias Type | D8: One-Sided | G8: Smallest Element Length | H8: One-Sided | I8: =D3*(1-D11)/(1-D11^D14) -> #DIV/0! | J8: [m]
G9: Largest Element Length | H9: One-Sided | I9: =I8*D11^(D14-1) -> #DIV/0! | J9: [m]
B10: Equivalent Calculated Parameters | G10: ODD Central Bias
B11: Bias Growth Rate | C11: r | D11: =IF(D6=G27, D7, D7^(1/(J3-1))) -> 1 | E11: [ ] | G11: ODD Smallest Element Length | H11: Central Min | I11: =IF(H3="ODD", D3*(1-D11)/(1+D11-2*D11^H4), "") | J11: [m]
B12: Bias Factor | C12: B | D12: =IF(D6=G26, D7, D7^(J3-1)) -> 1 | E12: [ ] | G12: ODD Largest Element Length | H12: Central Min | I12: =IF($H$3="ODD", I11*$D$11^($H$4-1), "") | J12: [m]
B13: Target Element Length | C13: 𝓁_target | D13: =IF(D4=G22, D5, D3/D5) -> 0.00020101689 | E13: [m] | G13: ODD Smallest Element Length | H13: Central Max | I13: =IF($H$3="ODD", D3*(1-D11)/(2-D11^H4-D11^(H4-1)), "") | J13: [m]
B14: Number of Divisions | C14: N | D14: =IF(D4=G23, D5, _xlfn.CEILING.MATH(D3/D5)) -> 18 | E14: [ ] | G14: ODD Largest Element Length | H14: Central Max | I14: =IF($H$3="ODD", I13*$D$11^($H$4-1), "") | J14: [m]
G15: EVEN Central Bias
B16: Element Size Calculation | G16: EVEN Smallest Element Length | H16: Central Min | I16: =IF($H$3="EVEN", D3*(1-D11)/(2*(1-D11^H4)), "") -> #DIV/0! | J16: [m]
B17: Smallest Element Length | C17: 𝓁_1 | D17: {=_xlfn.XLOOKUP($D$8, IF($H$3="EVEN", CHOOSE({1,2,3},H8,H16,H18), CHOOSE({1,2,3},H8,H11,H13)), IF($H$3="EVEN", CHOOSE({1,2,3},I8,I16,I18), CHOOSE({1,2,3},I8,I11,I13)))} -> #DIV/0! | E17: [m] | G17: EVEN Largest Element Length | H17: Central Min | I17: =IF($H$3="EVEN", I16*$D$11^($H$4-1), "") -> #DIV/0! | J17: [m]
B18: Largest Element Length | C18: 𝓁_N | D18: {=_xlfn.XLOOKUP($D$8, IF($H$3="EVEN", CHOOSE({1,2,3},H9,H17,H19), CHOOSE({1,2,3},H9,H12,H14)), IF($H$3="EVEN", CHOOSE({1,2,3},I9,I17,I19), CHOOSE({1,2,3},I9,I12,I14)))} -> #DIV/0! | E18: [m] | G18: EVEN Smallest Element Length | H18: Central Max | I18: =IF($H$3="EVEN", D3*(1-D11)/(2*(1-D11^H4)), "") -> #DIV/0! | J18: [m]
G19: EVEN Largest Element Length | H19: Central Max | I19: =IF($H$3="EVEN", I18*$D$11^($H$4-1), "") -> #DIV/0! | J19: [m]
G21: Input Type
G22: Target Element Length
G23: Number of Divisions
G25: Bias Definition Type
G26: Bias Factor
G27: Smooth Transition (GR)
G29: Bias Types
G30: One-Sided
G31: Central Min
G32: Central Max

Sheet ExpSpl5
A1: {=MID(CELL("filename",A1),FIND("]",CELL("filename",A1))+1,31)} -> ExpSpl5 | B1: EXPANSION SPLINE SECTION 5
B2: Edge Sizing Inputs | C2: Symbol | D2: Value | E2: Units | G2: Bisection Calculation | J2: True N
B3: Edge Length | C3: L | D3: ='Creo Input'!E12 -> 0.0023608584 | E3: [m] | G3: Parity for Number of Divisions | H3: =IF(ISEVEN(D14),"EVEN","ODD") -> EVEN | J3: =IF(D8=G30, D14, H4) -> 12
B4: Size Definition Type | D4: Target Element Length | G4: Bisected Side Divisions | H4: =IF(H3="EVEN", D14/2, (D14+1)/2) -> 6
B5: Size Definition Value | C5: =IF(D4=G22,"𝓁_target", "N") -> 𝓁_target | D5: =RectY!D17 -> 0.00020101689 | E5: =IF(D4=G22, " [m]", " [ ]") -> [m]
B6: Bias Definition Type | D6: Bias Factor | G6: Bias Calculation Lookup
B7: Bias Definition Value | C7: =IF(D6=G26, "B", "r") -> B | D7: 1 | E7: [ ] | G7: One-Sided Bias
B8: Bias Type | D8: One-Sided | G8: Smallest Element Length | H8: One-Sided | I8: =D3*(1-D11)/(1-D11^D14) -> #DIV/0! | J8: [m]
G9: Largest Element Length | H9: One-Sided | I9: =I8*D11^(D14-1) -> #DIV/0! | J9: [m]
B10: Equivalent Calculated Parameters | G10: ODD Central Bias
B11: Bias Growth Rate | C11: r | D11: =IF(D6=G27, D7, D7^(1/(J3-1))) -> 1 | E11: [ ] | G11: ODD Smallest Element Length | H11: Central Min | I11: =IF(H3="ODD", D3*(1-D11)/(1+D11-2*D11^H4), "") | J11: [m]
B12: Bias Factor | C12: B | D12: =IF(D6=G26, D7, D7^(J3-1)) -> 1 | E12: [ ] | G12: ODD Largest Element Length | H12: Central Min | I12: =IF($H$3="ODD", I11*$D$11^($H$4-1), "") | J12: [m]
B13: Target Element Length | C13: 𝓁_target | D13: =IF(D4=G22, D5, D3/D5) -> 0.00020101689 | E13: [m] | G13: ODD Smallest Element Length | H13: Central Max | I13: =IF($H$3="ODD", D3*(1-D11)/(2-D11^H4-D11^(H4-1)), "") | J13: [m]
B14: Number of Divisions | C14: N | D14: =IF(D4=G23, D5, _xlfn.CEILING.MATH(D3/D5)) -> 12 | E14: [ ] | G14: ODD Largest Element Length | H14: Central Max | I14: =IF($H$3="ODD", I13*$D$11^($H$4-1), "") | J14: [m]
G15: EVEN Central Bias
B16: Element Size Calculation | G16: EVEN Smallest Element Length | H16: Central Min | I16: =IF($H$3="EVEN", D3*(1-D11)/(2*(1-D11^H4)), "") -> #DIV/0! | J16: [m]
B17: Smallest Element Length | C17: 𝓁_1 | D17: {=_xlfn.XLOOKUP($D$8, IF($H$3="EVEN", CHOOSE({1,2,3},H8,H16,H18), CHOOSE({1,2,3},H8,H11,H13)), IF($H$3="EVEN", CHOOSE({1,2,3},I8,I16,I18), CHOOSE({1,2,3},I8,I11,I13)))} -> #DIV/0! | E17: [m] | G17: EVEN Largest Element Length | H17: Central Min | I17: =IF($H$3="EVEN", I16*$D$11^($H$4-1), "") -> #DIV/0! | J17: [m]
B18: Largest Element Length | C18: 𝓁_N | D18: {=_xlfn.XLOOKUP($D$8, IF($H$3="EVEN", CHOOSE({1,2,3},H9,H17,H19), CHOOSE({1,2,3},H9,H12,H14)), IF($H$3="EVEN", CHOOSE({1,2,3},I9,I17,I19), CHOOSE({1,2,3},I9,I12,I14)))} -> #DIV/0! | E18: [m] | G18: EVEN Smallest Element Length | H18: Central Max | I18: =IF($H$3="EVEN", D3*(1-D11)/(2*(1-D11^H4)), "") -> #DIV/0! | J18: [m]
G19: EVEN Largest Element Length | H19: Central Max | I19: =IF($H$3="EVEN", I18*$D$11^($H$4-1), "") -> #DIV/0! | J19: [m]
G21: Input Type
G22: Target Element Length
G23: Number of Divisions
G25: Bias Definition Type
G26: Bias Factor
G27: Smooth Transition (GR)
G29: Bias Types
G30: One-Sided
G31: Central Min
G32: Central Max

Sheet ExpPar1
A1: {=MID(CELL("filename",A1),FIND("]",CELL("filename",A1))+1,31)} -> ExpPar1 | B1: EXPANSION PARTITION 1 CURVE
B2: Edge Sizing Inputs | C2: Symbol | D2: Value | E2: Units | G2: Bisection Calculation | J2: True N
B3: Edge Length | C3: L | D3: ='Creo Input'!E4 -> 0.0036583655 | E3: [m] | G3: Parity for Number of Divisions | H3: =IF(ISEVEN(D14),"EVEN","ODD") -> EVEN | J3: =IF(D8=G30, D14, H4) -> 80
B4: Size Definition Type | D4: Number of Divisions | G4: Bisected Side Divisions | H4: =IF(H3="EVEN", D14/2, (D14+1)/2) -> 40
B5: Size Definition Value | C5: =IF(D4=G22,"𝓁_target", "N") -> N | D5: =RectX!D14 -> 80 | E5: =IF(D4=G22, " [m]", " [ ]") -> [ ]
B6: Bias Definition Type | D6: Bias Factor | G6: Bias Calculation Lookup
B7: Bias Definition Value | C7: =IF(D6=G26, "B", "r") -> B | D7: 4.1555313 | E7: [ ] | G7: One-Sided Bias
B8: Bias Type | D8: One-Sided | G8: Smallest Element Length | H8: One-Sided | I8: =D3*(1-D11)/(1-D11^D14) -> 2.0600126e-05 | J8: [m]
G9: Largest Element Length | H9: One-Sided | I9: =I8*D11^(D14-1) -> 8.5604467e-05 | J9: [m]
B10: Equivalent Calculated Parameters | G10: ODD Central Bias
B11: Bias Growth Rate | C11: r | D11: =IF(D6=G27, D7, D7^(1/(J3-1))) -> 1.0181944 | E11: [ ] | G11: ODD Smallest Element Length | H11: Central Min | I11: =IF(H3="ODD", D3*(1-D11)/(1+D11-2*D11^H4), "") | J11: [m]
B12: Bias Factor | C12: B | D12: =IF(D6=G26, D7, D7^(J3-1)) -> 4.1555313 | E12: [ ] | G12: ODD Largest Element Length | H12: Central Min | I12: =IF($H$3="ODD", I11*$D$11^($H$4-1), "") | J12: [m]
B13: Target Element Length | C13: 𝓁_target | D13: =IF(D4=G22, D5, D3/D5) -> 4.5729568e-05 | E13: [m] | G13: ODD Smallest Element Length | H13: Central Max | I13: =IF($H$3="ODD", D3*(1-D11)/(2-D11^H4-D11^(H4-1)), "") | J13: [m]
B14: Number of Divisions | C14: N | D14: =IF(D4=G23, D5, _xlfn.CEILING.MATH(D3/D5)) -> 80 | E14: [ ] | G14: ODD Largest Element Length | H14: Central Max | I14: =IF($H$3="ODD", I13*$D$11^($H$4-1), "") | J14: [m]
G15: EVEN Central Bias
B16: Element Size Calculation | G16: EVEN Smallest Element Length | H16: Central Min | I16: =IF($H$3="EVEN", D3*(1-D11)/(2*(1-D11^H4)), "") -> 3.1487016e-05 | J16: [m]
B17: Smallest Element Length | C17: 𝓁_1 | D17: {=_xlfn.XLOOKUP($D$8, IF($H$3="EVEN", CHOOSE({1,2,3},H8,H16,H18), CHOOSE({1,2,3},H8,H11,H13)), IF($H$3="EVEN", CHOOSE({1,2,3},I8,I16,I18), CHOOSE({1,2,3},I8,I11,I13)))} -> 2.0600126e-05 | E17: [m] | G17: EVEN Largest Element Length | H17: Central Min | I17: =IF($H$3="EVEN", I16*$D$11^($H$4-1), "") -> 6.3610591e-05 | J17: [m]
B18: Largest Element Length | C18: 𝓁_N | D18: {=_xlfn.XLOOKUP($D$8, IF($H$3="EVEN", CHOOSE({1,2,3},H9,H17,H19), CHOOSE({1,2,3},H9,H12,H14)), IF($H$3="EVEN", CHOOSE({1,2,3},I9,I17,I19), CHOOSE({1,2,3},I9,I12,I14)))} -> 8.5604467e-05 | E18: [m] | G18: EVEN Smallest Element Length | H18: Central Max | I18: =IF($H$3="EVEN", D3*(1-D11)/(2*(1-D11^H4)), "") -> 3.1487016e-05 | J18: [m]
G19: EVEN Largest Element Length | H19: Central Max | I19: =IF($H$3="EVEN", I18*$D$11^($H$4-1), "") -> 6.3610591e-05 | J19: [m]
B20: Iterative Solution
B21: Exp-Exp Boundary Element Size | C21: 𝓁_round | D21: =('Creo Input'!E13)/Rectangle_ZGrid_NDiv -> 2.0600125e-05 | E21: [m] | G21: Input Type
B22: Element Length Difference | C22: 𝓁_N | D22: =ABS(D21-D17) -> 3.1799771e-13 | E22: [m] | G22: Target Element Length
G23: Number of Divisions
G25: Bias Definition Type
G26: Bias Factor
G27: Smooth Transition (GR)
G29: Bias Types
G30: One-Sided
G31: Central Min
G32: Central Max

Sheet ExpPar2
A1: {=MID(CELL("filename",A1),FIND("]",CELL("filename",A1))+1,31)} -> ExpPar2 | B1: EXPANSION PARTITION 2 CURVE
B2: Edge Sizing Inputs | C2: Symbol | D2: Value | E2: Units | G2: Bisection Calculation | J2: True N
B3: Edge Length | C3: L | D3: ='Creo Input'!E5 -> 0.0079228754 | E3: [m] | G3: Parity for Number of Divisions | H3: =IF(ISEVEN(D14),"EVEN","ODD") -> EVEN | J3: =IF(D8=G30, D14, H4) -> 80
B4: Size Definition Type | D4: Number of Divisions | G4: Bisected Side Divisions | H4: =IF(H3="EVEN", D14/2, (D14+1)/2) -> 40
B5: Size Definition Value | C5: =IF(D4=G22,"𝓁_target", "N") -> N | D5: =RectX!D14 -> 80 | E5: =IF(D4=G22, " [m]", " [ ]") -> [ ]
B6: Bias Definition Type | D6: Bias Factor | G6: Bias Calculation Lookup
B7: Bias Definition Value | C7: =IF(D6=G26, "B", "r") -> B | D7: 17.627358 | E7: [ ] | G7: One-Sided Bias
B8: Bias Type | D8: One-Sided | G8: Smallest Element Length | H8: One-Sided | I8: =D3*(1-D11)/(1-D11^D14) -> 1.6960451e-05 | J8: [m]
G9: Largest Element Length | H9: One-Sided | I9: =I8*D11^(D14-1) -> 0.00029896794 | J9: [m]
B10: Equivalent Calculated Parameters | G10: ODD Central Bias
B11: Bias Growth Rate | C11: r | D11: =IF(D6=G27, D7, D7^(1/(J3-1))) -> 1.0369899 | E11: [ ] | G11: ODD Smallest Element Length | H11: Central Min | I11: =IF(H3="ODD", D3*(1-D11)/(1+D11-2*D11^H4), "") | J11: [m]
B12: Bias Factor | C12: B | D12: =IF(D6=G26, D7, D7^(J3-1)) -> 17.627358 | E12: [ ] | G12: ODD Largest Element Length | H12: Central Min | I12: =IF($H$3="ODD", I11*$D$11^($H$4-1), "") | J12: [m]
B13: Target Element Length | C13: 𝓁_target | D13: =IF(D4=G22, D5, D3/D5) -> 9.9035942e-05 | E13: [m] | G13: ODD Smallest Element Length | H13: Central Max | I13: =IF($H$3="ODD", D3*(1-D11)/(2-D11^H4-D11^(H4-1)), "") | J13: [m]
B14: Number of Divisions | C14: N | D14: =IF(D4=G23, D5, _xlfn.CEILING.MATH(D3/D5)) -> 80 | E14: [ ] | G14: ODD Largest Element Length | H14: Central Max | I14: =IF($H$3="ODD", I13*$D$11^($H$4-1), "") | J14: [m]
G15: EVEN Central Bias
B16: Element Size Calculation | G16: EVEN Smallest Element Length | H16: Central Min | I16: =IF($H$3="EVEN", D3*(1-D11)/(2*(1-D11^H4)), "") -> 4.4736925e-05 | J16: [m]
B17: Smallest Element Length | C17: 𝓁_1 | D17: {=_xlfn.XLOOKUP($D$8, IF($H$3="EVEN", CHOOSE({1,2,3},H8,H16,H18), CHOOSE({1,2,3},H8,H11,H13)), IF($H$3="EVEN", CHOOSE({1,2,3},I8,I16,I18), CHOOSE({1,2,3},I8,I11,I13)))} -> 1.6960451e-05 | E17: [m] | G17: EVEN Largest Element Length | H17: Central Min | I17: =IF($H$3="EVEN", I16*$D$11^($H$4-1), "") -> 0.00018444738 | J17: [m]
B18: Largest Element Length | C18: 𝓁_N | D18: {=_xlfn.XLOOKUP($D$8, IF($H$3="EVEN", CHOOSE({1,2,3},H9,H17,H19), CHOOSE({1,2,3},H9,H12,H14)), IF($H$3="EVEN", CHOOSE({1,2,3},I9,I17,I19), CHOOSE({1,2,3},I9,I12,I14)))} -> 0.00029896794 | E18: [m] | G18: EVEN Smallest Element Length | H18: Central Max | I18: =IF($H$3="EVEN", D3*(1-D11)/(2*(1-D11^H4)), "") -> 4.4736925e-05 | J18: [m]
G19: EVEN Largest Element Length | H19: Central Max | I19: =IF($H$3="EVEN", I18*$D$11^($H$4-1), "") -> 0.00018444738 | J19: [m]
B20: Iterative Solution
B21: Exp-Exp Boundary Element Size | C21: 𝓁_round | D21: =('Creo Input'!E14)/Rectangle_ZGrid_NDiv -> 1.6960449e-05 | E21: [m] | G21: Input Type
B22: Element Length Difference | C22: 𝓁_N | D22: =ABS(D21-D17) -> 2.5132044e-12 | E22: [m] | G22: Target Element Length
G23: Number of Divisions
G25: Bias Definition Type
G26: Bias Factor
G27: Smooth Transition (GR)
G29: Bias Types
G30: One-Sided
G31: Central Min
G32: Central Max

Sheet ExpPar3
A1: {=MID(CELL("filename",A1),FIND("]",CELL("filename",A1))+1,31)} -> ExpPar3 | B1: EXPANSION PARTITION 3 CURVE
B2: Edge Sizing Inputs | C2: Symbol | D2: Value | E2: Units | G2: Bisection Calculation | J2: True N
B3: Edge Length | C3: L | D3: ='Creo Input'!E6 -> 0.0050639867 | E3: [m] | G3: Parity for Number of Divisions | H3: =IF(ISEVEN(D14),"EVEN","ODD") -> EVEN | J3: =IF(D8=G30, D14, H4) -> 80
B4: Size Definition Type | D4: Number of Divisions | G4: Bisected Side Divisions | H4: =IF(H3="EVEN", D14/2, (D14+1)/2) -> 40
B5: Size Definition Value | C5: =IF(D4=G22,"𝓁_target", "N") -> N | D5: =RectX!D14 -> 80 | E5: =IF(D4=G22, " [m]", " [ ]") -> [ ]
B6: Bias Definition Type | D6: Bias Factor | G6: Bias Calculation Lookup
B7: Bias Definition Value | C7: =IF(D6=G26, "B", "r") -> B | D7: 11.863118 | E7: [ ] | G7: One-Sided Bias
B8: Bias Type | D8: One-Sided | G8: Smallest Element Length | H8: One-Sided | I8: =D3*(1-D11)/(1-D11^D14) -> 1.4328469e-05 | J8: [m]
G9: Largest Element Length | H9: One-Sided | I9: =I8*D11^(D14-1) -> 0.00016998032 | J9: [m]
B10: Equivalent Calculated Parameters | G10: ODD Central Bias
B11: Bias Growth Rate | C11: r | D11: =IF(D6=G27, D7, D7^(1/(J3-1))) -> 1.0318046 | E11: [ ] | G11: ODD Smallest Element Length | H11: Central Min | I11: =IF(H3="ODD", D3*(1-D11)/(1+D11-2*D11^H4), "") | J11: [m]
B12: Bias Factor | C12: B | D12: =IF(D6=G26, D7, D7^(J3-1)) -> 11.863118 | E12: [ ] | G12: ODD Largest Element Length | H12: Central Min | I12: =IF($H$3="ODD", I11*$D$11^($H$4-1), "") | J12: [m]
B13: Target Element Length | C13: 𝓁_target | D13: =IF(D4=G22, D5, D3/D5) -> 6.3299834e-05 | E13: [m] | G13: ODD Smallest Element Length | H13: Central Max | I13: =IF($H$3="ODD", D3*(1-D11)/(2-D11^H4-D11^(H4-1)), "") | J13: [m]
B14: Number of Divisions | C14: N | D14: =IF(D4=G23, D5, _xlfn.CEILING.MATH(D3/D5)) -> 80 | E14: [ ] | G14: ODD Largest Element Length | H14: Central Max | I14: =IF($H$3="ODD", I13*$D$11^($H$4-1), "") | J14: [m]
G15: EVEN Central Bias
B16: Element Size Calculation | G16: EVEN Smallest Element Length | H16: Central Min | I16: =IF($H$3="EVEN", D3*(1-D11)/(2*(1-D11^H4)), "") -> 3.2229248e-05 | J16: [m]
B17: Smallest Element Length | C17: 𝓁_1 | D17: {=_xlfn.XLOOKUP($D$8, IF($H$3="EVEN", CHOOSE({1,2,3},H8,H16,H18), CHOOSE({1,2,3},H8,H11,H13)), IF($H$3="EVEN", CHOOSE({1,2,3},I8,I16,I18), CHOOSE({1,2,3},I8,I11,I13)))} -> 1.4328469e-05 | E17: [m] | G17: EVEN Largest Element Length | H17: Central Min | I17: =IF($H$3="EVEN", I16*$D$11^($H$4-1), "") -> 0.00010928256 | J17: [m]
B18: Largest Element Length | C18: 𝓁_N | D18: {=_xlfn.XLOOKUP($D$8, IF($H$3="EVEN", CHOOSE({1,2,3},H9,H17,H19), CHOOSE({1,2,3},H9,H12,H14)), IF($H$3="EVEN", CHOOSE({1,2,3},I9,I17,I19), CHOOSE({1,2,3},I9,I12,I14)))} -> 0.00016998032 | E18: [m] | G18: EVEN Smallest Element Length | H18: Central Max | I18: =IF($H$3="EVEN", D3*(1-D11)/(2*(1-D11^H4)), "") -> 3.2229248e-05 | J18: [m]
G19: EVEN Largest Element Length | H19: Central Max | I19: =IF($H$3="EVEN", I18*$D$11^($H$4-1), "") -> 0.00010928256 | J19: [m]
B20: Iterative Solution
B21: Exp-Exp Boundary Element Size | C21: 𝓁_round | D21: =('Creo Input'!E15)/Rectangle_ZGrid_NDiv -> 1.4328464e-05 | E21: [m] | G21: Input Type
B22: Element Length Difference | C22: 𝓁_N | D22: =ABS(D21-D17) -> 4.7275741e-12 | E22: [m] | G22: Target Element Length
G23: Number of Divisions
G25: Bias Definition Type
G26: Bias Factor
G27: Smooth Transition (GR)
G29: Bias Types
G30: One-Sided
G31: Central Min
G32: Central Max

Sheet ExpPar4
A1: {=MID(CELL("filename",A1),FIND("]",CELL("filename",A1))+1,31)} -> ExpPar4 | B1: EXPANSION PARTITION 4 CURVE
B2: Edge Sizing Inputs | C2: Symbol | D2: Value | E2: Units | G2: Bisection Calculation | J2: True N
B3: Edge Length | C3: L | D3: ='Creo Input'!E7 -> 0.0038770683 | E3: [m] | G3: Parity for Number of Divisions | H3: =IF(ISEVEN(D14),"EVEN","ODD") -> EVEN | J3: =IF(D8=G30, D14, H4) -> 80
B4: Size Definition Type | D4: Number of Divisions | G4: Bisected Side Divisions | H4: =IF(H3="EVEN", D14/2, (D14+1)/2) -> 40
B5: Size Definition Value | C5: =IF(D4=G22,"𝓁_target", "N") -> N | D5: =RectX!D14 -> 80 | E5: =IF(D4=G22, " [m]", " [ ]") -> [ ]
B6: Bias Definition Type | D6: Bias Factor | G6: Bias Calculation Lookup
B7: Bias Definition Value | C7: =IF(D6=G26, "B", "r") -> B | D7: 9.918351 | E7: [ ] | G7: One-Sided Bias
B8: Bias Type | D8: One-Sided | G8: Smallest Element Length | H8: One-Sided | I8: =D3*(1-D11)/(1-D11^D14) -> 1.2404389e-05 | J8: [m]
G9: Largest Element Length | H9: One-Sided | I9: =I8*D11^(D14-1) -> 0.00012303108 | J9: [m]
B10: Equivalent Calculated Parameters | G10: ODD Central Bias
B11: Bias Growth Rate | C11: r | D11: =IF(D6=G27, D7, D7^(1/(J3-1))) -> 1.0294687 | E11: [ ] | G11: ODD Smallest Element Length | H11: Central Min | I11: =IF(H3="ODD", D3*(1-D11)/(1+D11-2*D11^H4), "") | J11: [m]
B12: Bias Factor | C12: B | D12: =IF(D6=G26, D7, D7^(J3-1)) -> 9.918351 | E12: [ ] | G12: ODD Largest Element Length | H12: Central Min | I12: =IF($H$3="ODD", I11*$D$11^($H$4-1), "") | J12: [m]
B13: Target Element Length | C13: 𝓁_target | D13: =IF(D4=G22, D5, D3/D5) -> 4.8463353e-05 | E13: [m] | G13: ODD Smallest Element Length | H13: Central Max | I13: =IF($H$3="ODD", D3*(1-D11)/(2-D11^H4-D11^(H4-1)), "") | J13: [m]
B14: Number of Divisions | C14: N | D14: =IF(D4=G23, D5, _xlfn.CEILING.MATH(D3/D5)) -> 80 | E14: [ ] | G14: ODD Largest Element Length | H14: Central Max | I14: =IF($H$3="ODD", I13*$D$11^($H$4-1), "") | J14: [m]
G15: EVEN Central Bias
B16: Element Size Calculation | G16: EVEN Smallest Element Length | H16: Central Min | I16: =IF($H$3="EVEN", D3*(1-D11)/(2*(1-D11^H4)), "") -> 2.6020736e-05 | J16: [m]
B17: Smallest Element Length | C17: 𝓁_1 | D17: {=_xlfn.XLOOKUP($D$8, IF($H$3="EVEN", CHOOSE({1,2,3},H8,H16,H18), CHOOSE({1,2,3},H8,H11,H13)), IF($H$3="EVEN", CHOOSE({1,2,3},I8,I16,I18), CHOOSE({1,2,3},I8,I11,I13)))} -> 1.2404389e-05 | E17: [m] | G17: EVEN Largest Element Length | H17: Central Min | I17: =IF($H$3="EVEN", I16*$D$11^($H$4-1), "") -> 8.0766773e-05 | J17: [m]
B18: Largest Element Length | C18: 𝓁_N | D18: {=_xlfn.XLOOKUP($D$8, IF($H$3="EVEN", CHOOSE({1,2,3},H9,H17,H19), CHOOSE({1,2,3},H9,H12,H14)), IF($H$3="EVEN", CHOOSE({1,2,3},I9,I17,I19), CHOOSE({1,2,3},I9,I12,I14)))} -> 0.00012303108 | E18: [m] | G18: EVEN Smallest Element Length | H18: Central Max | I18: =IF($H$3="EVEN", D3*(1-D11)/(2*(1-D11^H4)), "") -> 2.6020736e-05 | J18: [m]
G19: EVEN Largest Element Length | H19: Central Max | I19: =IF($H$3="EVEN", I18*$D$11^($H$4-1), "") -> 8.0766773e-05 | J19: [m]
B20: Iterative Solution
B21: Exp-Exp Boundary Element Size | C21: 𝓁_round | D21: =('Creo Input'!E16)/Rectangle_ZGrid_NDiv -> 1.2404389e-05 | E21: [m] | G21: Input Type
B22: Element Length Difference | C22: 𝓁_N | D22: =ABS(D21-D17) -> 5.1958522e-14 | E22: [m] | G22: Target Element Length
G23: Number of Divisions
G25: Bias Definition Type
G26: Bias Factor
G27: Smooth Transition (GR)
G29: Bias Types
G30: One-Sided
G31: Central Min
G32: Central Max
